Type1,Entity1,Relationship,Type2,Entity2
Node,b-mOsKIonnlHllP9gfbXdgnQ,HAS_ASPECT,Node,b-mOsKIonnlHllP9gfbXdgnQ/Food
Node,b-mOsKIonnlHllP9gfbXdgnQ/Food,IS,Node,b-mOsKIonnlHllP9gfbXdgnQ/Great
Node,b-mOsKIonnlHllP9gfbXdgnQ,HAS_MENU,Node,b-mOsKIonnlHllP9gfbXdgnQ/Chicken_Biryani
Node,b-mOsKIonnlHllP9gfbXdgnQ/Chicken_Biryani,IS,Node,b-mOsKIonnlHllP9gfbXdgnQ/Dry
Node,b-mOsKIonnlHllP9gfbXdgnQ,HAS_ASPECT,Node,b-mOsKIonnlHllP9gfbXdgnQ/Food
Node,b-mOsKIonnlHllP9gfbXdgnQ/Food,IS,Node,b-mOsKIonnlHllP9gfbXdgnQ/Delicious
Node,b-mOsKIonnlHllP9gfbXdgnQ,HAS_MENU,Node,b-mOsKIonnlHllP9gfbXdgnQ/Chicken
Node,b-mOsKIonnlHllP9gfbXdgnQ,IS,Node,b-mOsKIonnlHllP9gfbXdgnQ/Ideal
Node,u--dEAguztpqPvzftWb_YNdA,INTRODUCED_TO,Node,Food
Node,b-mOsKIonnlHllP9gfbXdgnQ,HAS_MENU,Node,b-mOsKIonnlHllP9gfbXdgnQ/Chicken_Pieces
Node,b-mOsKIonnlHllP9gfbXdgnQ/Chicken_Pieces,IS,Node,b-mOsKIonnlHllP9gfbXdgnQ/Tasty
Node,b-mOsKIonnlHllP9gfbXdgnQ,HAS_MENU,Node,b-mOsKIonnlHllP9gfbXdgnQ/Sauce
Node,b-mOsKIonnlHllP9gfbXdgnQ/Sauce,IS,Node,b-mOsKIonnlHllP9gfbXdgnQ/Rich
Node,b-nbf4o8gUP2y9JKFE2wBO2A,HAS_MENU,Node,b-nbf4o8gUP2y9JKFE2wBO2A/Biryani
Node,b-nbf4o8gUP2y9JKFE2wBO2A/Biryani,IS,Node,b-nbf4o8gUP2y9JKFE2wBO2A/Good
Node,b-nbf4o8gUP2y9JKFE2wBO2A,HAS_MENU,Node,b-nbf4o8gUP2y9JKFE2wBO2A/Dinner
Node,u-W37KqgMymarQaqYGOWS70w,PAID_FOR,Node,b-nbf4o8gUP2y9JKFE2wBO2A/Dinner
Node,b-nbf4o8gUP2y9JKFE2wBO2A,HAS_MENU,Node,b-nbf4o8gUP2y9JKFE2wBO2A/Biryani
Node,u-xCAwgus9fWEIrv5GvwykEQ,ROLL,Node,b-nbf4o8gUP2y9JKFE2wBO2A/Biryani
Node,b-nbf4o8gUP2y9JKFE2wBO2A,HAS_ASPECT,Node,b-nbf4o8gUP2y9JKFE2wBO2A/Service
Node,b-nbf4o8gUP2y9JKFE2wBO2A/Service,IS,Node,b-nbf4o8gUP2y9JKFE2wBO2A/Fast
Node,b-nbf4o8gUP2y9JKFE2wBO2A,HAS_ASPECT,Node,b-nbf4o8gUP2y9JKFE2wBO2A/Staff
Node,b-nbf4o8gUP2y9JKFE2wBO2A,HAS_MENU,Node,b-nbf4o8gUP2y9JKFE2wBO2A/Nihari
Node,b-nbf4o8gUP2y9JKFE2wBO2A/Nihari,IS,Node,b-nbf4o8gUP2y9JKFE2wBO2A/Disgust
Node,b-UaMq3DUhtkoZ5WCEQm2T9g,HAS_MENU,Node,b-UaMq3DUhtkoZ5WCEQm2T9g/Chicken_Biryani
Node,b-UaMq3DUhtkoZ5WCEQm2T9g/Chicken_Biryani,IS,Node,b-UaMq3DUhtkoZ5WCEQm2T9g/Good
Node,Staff,SPEAK,Node,English
Node,b-UaMq3DUhtkoZ5WCEQm2T9g,HAS_MENU,Node,b-UaMq3DUhtkoZ5WCEQm2T9g/Butter_Chicken
Node,b-UaMq3DUhtkoZ5WCEQm2T9g,HAS_MENU,Node,b-UaMq3DUhtkoZ5WCEQm2T9g/Chicken_Biryani
Node,u-JT9Ux1QWW2x1tDyFNaSp1A,LIKE,Node,b-UaMq3DUhtkoZ5WCEQm2T9g/Chicken_Biryani
Node,b-UaMq3DUhtkoZ5WCEQm2T9g,HAS_MENU,Node,b-UaMq3DUhtkoZ5WCEQm2T9g/Goat_Biryani
Node,u-JT9Ux1QWW2x1tDyFNaSp1A,WANT,Node,b-UaMq3DUhtkoZ5WCEQm2T9g/Goat_Biryani
Node,u-JT9Ux1QWW2x1tDyFNaSp1A,ENJOY,Node,b-UaMq3DUhtkoZ5WCEQm2T9g/Chicken_Biryani
Node,u-JT9Ux1QWW2x1tDyFNaSp1A,COME_FOR,Node,b-UaMq3DUhtkoZ5WCEQm2T9g/Goat_Biryani
Node,b-UaMq3DUhtkoZ5WCEQm2T9g,HAS_MENU,Node,b-UaMq3DUhtkoZ5WCEQm2T9g/Naan
Node,u-JT9Ux1QWW2x1tDyFNaSp1A,ORDER,Node,b-UaMq3DUhtkoZ5WCEQm2T9g/Naan
Node,u-JT9Ux1QWW2x1tDyFNaSp1A,ORDER,Node,b-UaMq3DUhtkoZ5WCEQm2T9g/Chicken_Biryani
Node,b-UaMq3DUhtkoZ5WCEQm2T9g,HAS_MENU,Node,b-UaMq3DUhtkoZ5WCEQm2T9g/Butter_Chicken
Node,u-JT9Ux1QWW2x1tDyFNaSp1A,ORDER,Node,b-UaMq3DUhtkoZ5WCEQm2T9g/Butter_Chicken
Node,b-UaMq3DUhtkoZ5WCEQm2T9g,IS,Node,b-UaMq3DUhtkoZ5WCEQm2T9g/Nice
Node,b-UaMq3DUhtkoZ5WCEQm2T9g/Chicken_Biryani,IS,Node,b-UaMq3DUhtkoZ5WCEQm2T9g/Good
Node,b-UaMq3DUhtkoZ5WCEQm2T9g/Butter_Chicken,IS,Node,b-UaMq3DUhtkoZ5WCEQm2T9g/Good
Node,b-UaMq3DUhtkoZ5WCEQm2T9g/Chicken_Biryani,IS,Node,b-UaMq3DUhtkoZ5WCEQm2T9g/Worth
Node,u-xW6g0EMGxUqouRTzd0PItA,GOT,Node,Food
Node,b-P4h8kgy_48oE9vCHJc4BCQ,HAS_MENU,Node,b-P4h8kgy_48oE9vCHJc4BCQ/Naan
Node,b-P4h8kgy_48oE9vCHJc4BCQ/Naan,IS,Node,b-P4h8kgy_48oE9vCHJc4BCQ/Good
Node,b-P4h8kgy_48oE9vCHJc4BCQ,HAS_MENU,Node,b-P4h8kgy_48oE9vCHJc4BCQ/Roll
Node,u-FRnNgOvEWJvxo7h9np3RSw,ORDER,Node,b-P4h8kgy_48oE9vCHJc4BCQ/Roll
Node,b-P4h8kgy_48oE9vCHJc4BCQ,HAS_ASPECT,Node,b-P4h8kgy_48oE9vCHJc4BCQ/Food
Node,u--9RU4LuI_TfYgv9rBijJoQ,CARE_FOR,Node,Customer_Service
Node,b-P4h8kgy_48oE9vCHJc4BCQ,HAS_MENU,Node,b-P4h8kgy_48oE9vCHJc4BCQ/Chicken
Node,b-P4h8kgy_48oE9vCHJc4BCQ/Chicken,IS,Node,b-P4h8kgy_48oE9vCHJc4BCQ/Dry
Node,b-P4h8kgy_48oE9vCHJc4BCQ,HAS_ASPECT,Node,b-P4h8kgy_48oE9vCHJc4BCQ/Food
Node,b-P4h8kgy_48oE9vCHJc4BCQ/Food,IS,Node,b-P4h8kgy_48oE9vCHJc4BCQ/Good
Node,b-P4h8kgy_48oE9vCHJc4BCQ,HAS_ASPECT,Node,b-P4h8kgy_48oE9vCHJc4BCQ/Price
Node,b-P4h8kgy_48oE9vCHJc4BCQ/Price,IS,Node,b-P4h8kgy_48oE9vCHJc4BCQ/Reasonable
Node,b-P4h8kgy_48oE9vCHJc4BCQ,HAS_MENU,Node,b-P4h8kgy_48oE9vCHJc4BCQ/Naan
Node,u-5loLFO6EKKU_0czmJ0djEA,ORDER,Node,b-P4h8kgy_48oE9vCHJc4BCQ/Naan
Node,Food,HAS,Node,Food
Node,b-LZWXP-D4YPlzsFjVx6b9XA,HAS_ASPECT,Node,b-LZWXP-D4YPlzsFjVx6b9XA/Service
Node,b-LZWXP-D4YPlzsFjVx6b9XA/Service,IS,Node,b-LZWXP-D4YPlzsFjVx6b9XA/Great
Node,b-LZWXP-D4YPlzsFjVx6b9XA,HAS_ASPECT,Node,b-LZWXP-D4YPlzsFjVx6b9XA/Price
Node,b-LZWXP-D4YPlzsFjVx6b9XA/Price,IS,Node,b-LZWXP-D4YPlzsFjVx6b9XA/High
Node,u-CY7Mtn1xuifQrI2S96BaQQ,CRAVING,Node,Indian
Node,b-LZWXP-D4YPlzsFjVx6b9XA,HAS_MENU,Node,b-LZWXP-D4YPlzsFjVx6b9XA/Dal
Node,b-LZWXP-D4YPlzsFjVx6b9XA/Dal,IS,Node,b-LZWXP-D4YPlzsFjVx6b9XA/Good
Node,b-LZWXP-D4YPlzsFjVx6b9XA,HAS_MENU,Node,b-LZWXP-D4YPlzsFjVx6b9XA/Rice
Node,b-LZWXP-D4YPlzsFjVx6b9XA/Rice,WAS,Node,Plain
Node,b-LZWXP-D4YPlzsFjVx6b9XA,HAS_ASPECT,Node,b-LZWXP-D4YPlzsFjVx6b9XA/Food
Node,b-LZWXP-D4YPlzsFjVx6b9XA/Food,IS,Node,b-LZWXP-D4YPlzsFjVx6b9XA/Nice
Node,b-LZWXP-D4YPlzsFjVx6b9XA,HAS_ASPECT,Node,b-LZWXP-D4YPlzsFjVx6b9XA/Service
Node,b-LZWXP-D4YPlzsFjVx6b9XA/Service,IS,Node,b-LZWXP-D4YPlzsFjVx6b9XA/Lackluster
Node,u-viDOnsL8pW6A-HEAf_VXXQ,RECOMMEND,Node,b-LZWXP-D4YPlzsFjVx6b9XA
Node,b-LZWXP-D4YPlzsFjVx6b9XA,HAS_MENU,Node,b-LZWXP-D4YPlzsFjVx6b9XA/Veg_Biryani
Node,b-LZWXP-D4YPlzsFjVx6b9XA/Veg_Biryani,IS,Node,b-LZWXP-D4YPlzsFjVx6b9XA/Flavourful
Node,b-LZWXP-D4YPlzsFjVx6b9XA,HAS_MENU,Node,b-LZWXP-D4YPlzsFjVx6b9XA/Masala_Curry
Node,b-LZWXP-D4YPlzsFjVx6b9XA/Masala_Curry,IS,Node,b-LZWXP-D4YPlzsFjVx6b9XA/Great
Node,b-LZWXP-D4YPlzsFjVx6b9XA,HAS_MENU,Node,b-LZWXP-D4YPlzsFjVx6b9XA/Sambar
Node,b-LZWXP-D4YPlzsFjVx6b9XA/Sambar,IS,Node,b-LZWXP-D4YPlzsFjVx6b9XA/Tasty
Node,b-LZWXP-D4YPlzsFjVx6b9XA,HAS_ASPECT,Node,b-LZWXP-D4YPlzsFjVx6b9XA/Service
Node,b-LZWXP-D4YPlzsFjVx6b9XA/Service,IS,Node,b-LZWXP-D4YPlzsFjVx6b9XA/Helpful
Node,b-LZWXP-D4YPlzsFjVx6b9XA,HAS_MENU,Node,b-LZWXP-D4YPlzsFjVx6b9XA/Chicken_Curry
Node,b-LZWXP-D4YPlzsFjVx6b9XA/Chicken_Curry,IS,Node,b-LZWXP-D4YPlzsFjVx6b9XA/Delectable
Node,b-LZWXP-D4YPlzsFjVx6b9XA,HAS_ASPECT,Node,b-LZWXP-D4YPlzsFjVx6b9XA/Service
Node,b-LZWXP-D4YPlzsFjVx6b9XA/Service,IS,Node,b-LZWXP-D4YPlzsFjVx6b9XA/Good
Node,b-CvOxwAhmwwy3sQRKYVAjGg,HAS_MENU,Node,b-CvOxwAhmwwy3sQRKYVAjGg/Naan
Node,u-7uNESKhTlge7kCN00u5LPQ,BRING,Node,b-CvOxwAhmwwy3sQRKYVAjGg/Naan
Node,b-CvOxwAhmwwy3sQRKYVAjGg,HAS_ASPECT,Node,b-CvOxwAhmwwy3sQRKYVAjGg/Price
Node,b-CvOxwAhmwwy3sQRKYVAjGg/Price,IS,Node,b-CvOxwAhmwwy3sQRKYVAjGg/Good
Node,b-CvOxwAhmwwy3sQRKYVAjGg,HAS_ASPECT,Node,b-CvOxwAhmwwy3sQRKYVAjGg/Food
Node,b-CvOxwAhmwwy3sQRKYVAjGg/Food,IS,Node,b-CvOxwAhmwwy3sQRKYVAjGg/Decent
Node,b-CvOxwAhmwwy3sQRKYVAjGg,HAS_MENU,Node,b-CvOxwAhmwwy3sQRKYVAjGg/Butter_Chicken
Node,b-CvOxwAhmwwy3sQRKYVAjGg/Butter_Chicken,IS,Node,b-CvOxwAhmwwy3sQRKYVAjGg/Good
Node,b-CvOxwAhmwwy3sQRKYVAjGg,HAS_MENU,Node,b-CvOxwAhmwwy3sQRKYVAjGg/Fruit
Node,u-ONRLfyEi7-exqKlfWiRC4A,PROMISE,Node,b-CvOxwAhmwwy3sQRKYVAjGg/Fruit
Node,b-CvOxwAhmwwy3sQRKYVAjGg,HAS_MENU,Node,b-CvOxwAhmwwy3sQRKYVAjGg/Naan
Node,b-CvOxwAhmwwy3sQRKYVAjGg/Naan,HAS,Node,Mushrooms
Node,b-CvOxwAhmwwy3sQRKYVAjGg,HAS_ASPECT,Node,b-CvOxwAhmwwy3sQRKYVAjGg/Food
Node,b-CvOxwAhmwwy3sQRKYVAjGg/Food,IS,Node,b-CvOxwAhmwwy3sQRKYVAjGg/Good
Node,b-CvOxwAhmwwy3sQRKYVAjGg,HAS_MENU,Node,b-CvOxwAhmwwy3sQRKYVAjGg/Chicken_Biryani
Node,b-CvOxwAhmwwy3sQRKYVAjGg/Chicken_Biryani,IS,Node,b-CvOxwAhmwwy3sQRKYVAjGg/Awful
Node,b-CvOxwAhmwwy3sQRKYVAjGg,HAS_MENU,Node,b-CvOxwAhmwwy3sQRKYVAjGg/Chicken_Tikka
Node,b-CvOxwAhmwwy3sQRKYVAjGg/Chicken_Tikka,IS,Node,b-CvOxwAhmwwy3sQRKYVAjGg/Decent
Node,b-ZDx7kt4aOPTlmYTqXDrTGA,IS,Node,b-ZDx7kt4aOPTlmYTqXDrTGA/Good
Node,b-ZDx7kt4aOPTlmYTqXDrTGA,HAS_ASPECT,Node,b-ZDx7kt4aOPTlmYTqXDrTGA/Food
Node,b-ZDx7kt4aOPTlmYTqXDrTGA/Food,IS,Node,b-ZDx7kt4aOPTlmYTqXDrTGA/Excellent
Node,b-ZDx7kt4aOPTlmYTqXDrTGA,HAS_ASPECT,Node,b-ZDx7kt4aOPTlmYTqXDrTGA/Parking
Node,b-ZDx7kt4aOPTlmYTqXDrTGA/Parking,IS,Node,b-ZDx7kt4aOPTlmYTqXDrTGA/Plentiful
Node,b-ZDx7kt4aOPTlmYTqXDrTGA,IS,Node,b-ZDx7kt4aOPTlmYTqXDrTGA/Clean
Node,u-3GjCf5k5X219pDy5rYgxvQ,GONE_TO,Node,b-ZDx7kt4aOPTlmYTqXDrTGA
Node,b-ZDx7kt4aOPTlmYTqXDrTGA,HAS_MENU,Node,b-ZDx7kt4aOPTlmYTqXDrTGA/Masala_Dosa
Node,b-ZDx7kt4aOPTlmYTqXDrTGA/Masala_Dosa,IS,Node,b-ZDx7kt4aOPTlmYTqXDrTGA/Delicious
Node,b-p-J9iJgeHmPGk2jFAM0WnA,IS,Node,b-p-J9iJgeHmPGk2jFAM0WnA/Clean
Node,u-fnFU_41zyKA10bt3dgBFMw,TRIED_ON,Node,Saturday
Node,b-p-J9iJgeHmPGk2jFAM0WnA,HAS_MENU,Node,b-p-J9iJgeHmPGk2jFAM0WnA/Saag_Paneer
Node,u-xwIeGfv2NAhq9Kofn5qQmg,EAT,Node,b-p-J9iJgeHmPGk2jFAM0WnA/Saag_Paneer
Node,b-p-J9iJgeHmPGk2jFAM0WnA,HAS_ASPECT,Node,b-p-J9iJgeHmPGk2jFAM0WnA/Food
Node,b-p-J9iJgeHmPGk2jFAM0WnA/Food,IS,Node,b-p-J9iJgeHmPGk2jFAM0WnA/Terrible
Node,b-p-J9iJgeHmPGk2jFAM0WnA/Saag_Paneer,IS,Node,b-p-J9iJgeHmPGk2jFAM0WnA/Gross
Node,b-p-J9iJgeHmPGk2jFAM0WnA,HAS_MENU,Node,b-p-J9iJgeHmPGk2jFAM0WnA/Rice
Node,b-p-J9iJgeHmPGk2jFAM0WnA/Rice,IS,Node,b-p-J9iJgeHmPGk2jFAM0WnA/Fine
Node,b-p-J9iJgeHmPGk2jFAM0WnA,HAS_ASPECT,Node,b-p-J9iJgeHmPGk2jFAM0WnA/Service
Node,b-p-J9iJgeHmPGk2jFAM0WnA/Service,IS,Node,b-p-J9iJgeHmPGk2jFAM0WnA/Pleasant
Node,b-p-J9iJgeHmPGk2jFAM0WnA,HAS_MENU,Node,b-p-J9iJgeHmPGk2jFAM0WnA/Chana_Masala
Node,u-QGOtNZfasBwWCuawKjypYA,LIKE,Node,b-p-J9iJgeHmPGk2jFAM0WnA/Chana_Masala
Node,b-p-J9iJgeHmPGk2jFAM0WnA,HAS_MENU,Node,b-p-J9iJgeHmPGk2jFAM0WnA/Dosa
Node,b-p-J9iJgeHmPGk2jFAM0WnA/Dosa,IS,Node,b-p-J9iJgeHmPGk2jFAM0WnA/Good
Node,b-RE4qn28MEiDrM1PbdYVgxA,HAS_ASPECT,Node,b-RE4qn28MEiDrM1PbdYVgxA/Service
Node,b-RE4qn28MEiDrM1PbdYVgxA/Service,IS,Node,b-RE4qn28MEiDrM1PbdYVgxA/Fast
Node,b-RE4qn28MEiDrM1PbdYVgxA,HAS_MENU,Node,b-RE4qn28MEiDrM1PbdYVgxA/Roti
Node,b-RE4qn28MEiDrM1PbdYVgxA/Roti,COOK,Node,Food
Node,u-MNg6tOsLAKgxsdhLNK6iGg,RECOMMEND_AS,Node,Food
Node,b-RE4qn28MEiDrM1PbdYVgxA,HAS_ASPECT,Node,b-RE4qn28MEiDrM1PbdYVgxA/Staff
Node,b-RE4qn28MEiDrM1PbdYVgxA/Staff,IS,Node,b-RE4qn28MEiDrM1PbdYVgxA/Friendly
Node,b-RE4qn28MEiDrM1PbdYVgxA,HAS_ASPECT,Node,b-RE4qn28MEiDrM1PbdYVgxA/Food
Node,b-RE4qn28MEiDrM1PbdYVgxA/Food,IS,Node,b-RE4qn28MEiDrM1PbdYVgxA/Fast
Node,b-RE4qn28MEiDrM1PbdYVgxA,HAS_MENU,Node,b-RE4qn28MEiDrM1PbdYVgxA/Goat
Node,b-RE4qn28MEiDrM1PbdYVgxA/Goat,IS,Node,b-RE4qn28MEiDrM1PbdYVgxA/Hot
Node,b-RE4qn28MEiDrM1PbdYVgxA,HAS_MENU,Node,b-RE4qn28MEiDrM1PbdYVgxA/Doubles
Node,u-uCdmtWpEku3xLa-ScQabKA,ORDER,Node,b-RE4qn28MEiDrM1PbdYVgxA/Doubles
Node,u-uCdmtWpEku3xLa-ScQabKA,VISITED_ON,Node,Friday
Node,b-RE4qn28MEiDrM1PbdYVgxA,HAS_ASPECT,Node,b-RE4qn28MEiDrM1PbdYVgxA/Food
Node,b-RE4qn28MEiDrM1PbdYVgxA/Food,IS,Node,b-RE4qn28MEiDrM1PbdYVgxA/Horrible
Node,b-_PKXarw3GjlbwbXhjdpUMA,HAS_MENU,Node,b-_PKXarw3GjlbwbXhjdpUMA/Tangra_Villa
Node,b-_PKXarw3GjlbwbXhjdpUMA/Tangra_Villa,OFFER_AT,Node,Price
Node,b-_PKXarw3GjlbwbXhjdpUMA,HAS_MENU,Node,b-_PKXarw3GjlbwbXhjdpUMA/Chili_Chicken
Node,b-_PKXarw3GjlbwbXhjdpUMA/Chili_Chicken,IS,Node,b-_PKXarw3GjlbwbXhjdpUMA/Good
Node,b-_PKXarw3GjlbwbXhjdpUMA,HAS_ASPECT,Node,b-_PKXarw3GjlbwbXhjdpUMA/Food
Node,b-_PKXarw3GjlbwbXhjdpUMA/Food,IS,Node,b-_PKXarw3GjlbwbXhjdpUMA/Good
Node,b-_PKXarw3GjlbwbXhjdpUMA,HAS_MENU,Node,b-_PKXarw3GjlbwbXhjdpUMA/Noodles
Node,b-_PKXarw3GjlbwbXhjdpUMA/Noodles,IS,Node,b-_PKXarw3GjlbwbXhjdpUMA/Good
Node,b-_PKXarw3GjlbwbXhjdpUMA,HAS_ASPECT,Node,b-_PKXarw3GjlbwbXhjdpUMA/Service
Node,b-_PKXarw3GjlbwbXhjdpUMA/Service,IS,Node,b-_PKXarw3GjlbwbXhjdpUMA/Fast
Node,b-_PKXarw3GjlbwbXhjdpUMA,HAS_ASPECT,Node,b-_PKXarw3GjlbwbXhjdpUMA/Price
Node,b-_PKXarw3GjlbwbXhjdpUMA/Price,IS,Node,b-_PKXarw3GjlbwbXhjdpUMA/Good
Node,b-_PKXarw3GjlbwbXhjdpUMA,HAS_ASPECT,Node,b-_PKXarw3GjlbwbXhjdpUMA/Service
Node,b-_PKXarw3GjlbwbXhjdpUMA/Service,IS,Node,b-_PKXarw3GjlbwbXhjdpUMA/Excellent
Node,b-_PKXarw3GjlbwbXhjdpUMA,HAS_MENU,Node,b-_PKXarw3GjlbwbXhjdpUMA/Tangra_Villa
Node,b-_PKXarw3GjlbwbXhjdpUMA/Tangra_Villa,HAS,Node,Pakora
Node,b-_PKXarw3GjlbwbXhjdpUMA/Tangra_Villa,HAS,Node,Chilli_Chicken
Node,b-_PKXarw3GjlbwbXhjdpUMA,HAS_MENU,Node,b-_PKXarw3GjlbwbXhjdpUMA/Pakora
Node,b-_PKXarw3GjlbwbXhjdpUMA/Pakora,IS,Node,b-_PKXarw3GjlbwbXhjdpUMA/Awesome
Node,b-_PKXarw3GjlbwbXhjdpUMA,HAS_MENU,Node,b-_PKXarw3GjlbwbXhjdpUMA/Chili_Chicken
Node,u-a2VgXrdJUflY9HOTPb62XA,ORDER,Node,b-_PKXarw3GjlbwbXhjdpUMA/Chili_Chicken
Node,b-_PKXarw3GjlbwbXhjdpUMA/Chili_Chicken,IS,Node,b-_PKXarw3GjlbwbXhjdpUMA/Delicious
Node,b-scM6rLQqoz5dEIgwz_JFsg,HAS_ASPECT,Node,b-scM6rLQqoz5dEIgwz_JFsg/Staff
Node,b-scM6rLQqoz5dEIgwz_JFsg/Staff,IS,Node,b-scM6rLQqoz5dEIgwz_JFsg/Friendly
Node,b-scM6rLQqoz5dEIgwz_JFsg,IS,Node,b-scM6rLQqoz5dEIgwz_JFsg/Clean
Node,b-scM6rLQqoz5dEIgwz_JFsg,HAS_MENU,Node,b-scM6rLQqoz5dEIgwz_JFsg/Mango_Lassi
Node,u-SdXxLZQQnQNUEL1rGMOQ6w,ORDER,Node,b-scM6rLQqoz5dEIgwz_JFsg/Mango_Lassi
Node,u-SdXxLZQQnQNUEL1rGMOQ6w,LEFT,Node,b-scM6rLQqoz5dEIgwz_JFsg
Node,b-scM6rLQqoz5dEIgwz_JFsg,HAS_MENU,Node,b-scM6rLQqoz5dEIgwz_JFsg/Mango
Node,b-scM6rLQqoz5dEIgwz_JFsg/Mango,TASTE_LIKE,Node,Mango
Node,u-SdXxLZQQnQNUEL1rGMOQ6w,LEFT_WITHOUT,Node,Taste
Node,b-scM6rLQqoz5dEIgwz_JFsg,IS,Node,b-scM6rLQqoz5dEIgwz_JFsg/Inadequate
Node,b-scM6rLQqoz5dEIgwz_JFsg,IS,Node,b-scM6rLQqoz5dEIgwz_JFsg/Great
Node,b-scM6rLQqoz5dEIgwz_JFsg,HAS_MENU,Node,b-scM6rLQqoz5dEIgwz_JFsg/Chicken_Tikka_Masala
Node,b-scM6rLQqoz5dEIgwz_JFsg/Chicken_Tikka_Masala,IS,Node,b-scM6rLQqoz5dEIgwz_JFsg/Good
Node,b-scM6rLQqoz5dEIgwz_JFsg,IS,Node,b-scM6rLQqoz5dEIgwz_JFsg/Solid
Node,u-BM6KnzoljE9t5qBrQjfdmQ,ENJOY,Node,Food
Node,b-scM6rLQqoz5dEIgwz_JFsg,HAS_ASPECT,Node,b-scM6rLQqoz5dEIgwz_JFsg/Service
Node,b-scM6rLQqoz5dEIgwz_JFsg/Service,IS,Node,b-scM6rLQqoz5dEIgwz_JFsg/Good
Node,b-eRZuxjnaMviiVyvhejwTBQ,HAS_ASPECT,Node,b-eRZuxjnaMviiVyvhejwTBQ/Service
Node,b-eRZuxjnaMviiVyvhejwTBQ/Service,IS,Node,b-eRZuxjnaMviiVyvhejwTBQ/Slow
Node,b-eRZuxjnaMviiVyvhejwTBQ,HAS_ASPECT,Node,b-eRZuxjnaMviiVyvhejwTBQ/Food
Node,b-eRZuxjnaMviiVyvhejwTBQ/Food,IS,Node,b-eRZuxjnaMviiVyvhejwTBQ/Decent
Node,b-eRZuxjnaMviiVyvhejwTBQ,HAS_MENU,Node,b-eRZuxjnaMviiVyvhejwTBQ/Chicken_Wrap
Node,u-yRy06dgAS4CZ1eyE1bQ5QQ,DISASSEMBLE,Node,b-eRZuxjnaMviiVyvhejwTBQ/Chicken_Wrap
Node,b-eRZuxjnaMviiVyvhejwTBQ,HAS_ASPECT,Node,b-eRZuxjnaMviiVyvhejwTBQ/Food_Quality
Node,b-eRZuxjnaMviiVyvhejwTBQ/Food_Quality,IS,Node,b-eRZuxjnaMviiVyvhejwTBQ/Consistent
Node,b-eRZuxjnaMviiVyvhejwTBQ,HAS_ASPECT,Node,b-eRZuxjnaMviiVyvhejwTBQ/Food
Node,b-eRZuxjnaMviiVyvhejwTBQ/Food,IS,Node,b-eRZuxjnaMviiVyvhejwTBQ/Well
Node,b-eRZuxjnaMviiVyvhejwTBQ,HAS_ASPECT,Node,b-eRZuxjnaMviiVyvhejwTBQ/Food
Node,b-eRZuxjnaMviiVyvhejwTBQ/Food,IS,Node,b-eRZuxjnaMviiVyvhejwTBQ/Good
Node,b-eRZuxjnaMviiVyvhejwTBQ,HAS_MENU,Node,b-eRZuxjnaMviiVyvhejwTBQ/Afghan_Cuisine
Node,b-eRZuxjnaMviiVyvhejwTBQ/Afghan_Cuisine,IS,Node,b-eRZuxjnaMviiVyvhejwTBQ/Good
Node,u-Xmf0hrZ1S4zBcQ7GmidJ2Q,ASKED,Node,u-Xmf0hrZ1S4zBcQ7GmidJ2Q
Node,b-eRZuxjnaMviiVyvhejwTBQ,HAS_MENU,Node,b-eRZuxjnaMviiVyvhejwTBQ/Rice
Node,b-eRZuxjnaMviiVyvhejwTBQ/Rice,IS,Node,b-eRZuxjnaMviiVyvhejwTBQ/Good
Node,b-eRZuxjnaMviiVyvhejwTBQ,HAS_MENU,Node,b-eRZuxjnaMviiVyvhejwTBQ/Sauce
Node,b-eRZuxjnaMviiVyvhejwTBQ/Sauce,IS,Node,b-eRZuxjnaMviiVyvhejwTBQ/Hot
Node,b-CB99Ifh4OnBTnuNdRjj_fQ,HAS_ASPECT,Node,b-CB99Ifh4OnBTnuNdRjj_fQ/Food
Node,b-CB99Ifh4OnBTnuNdRjj_fQ/Food,IS,Node,b-CB99Ifh4OnBTnuNdRjj_fQ/Good
Node,b-CB99Ifh4OnBTnuNdRjj_fQ,HAS_MENU,Node,b-CB99Ifh4OnBTnuNdRjj_fQ/Salad
Node,b-CB99Ifh4OnBTnuNdRjj_fQ/Salad,IS,Node,b-CB99Ifh4OnBTnuNdRjj_fQ/Useless
Node,b-CB99Ifh4OnBTnuNdRjj_fQ,HAS_ASPECT,Node,b-CB99Ifh4OnBTnuNdRjj_fQ/Price
Node,b-CB99Ifh4OnBTnuNdRjj_fQ/Price,IS,Node,b-CB99Ifh4OnBTnuNdRjj_fQ/High
Node,u-YgYlEhHXIa1O5NAy6SNS_g,WALKED_TO,Node,Soma Grill Soma Grill
Node,b-CB99Ifh4OnBTnuNdRjj_fQ,HAS_MENU,Node,b-CB99Ifh4OnBTnuNdRjj_fQ/Soma_Grill
Node,b-CB99Ifh4OnBTnuNdRjj_fQ/Soma_Grill,IS,Node,b-CB99Ifh4OnBTnuNdRjj_fQ/Good
Node,b-CB99Ifh4OnBTnuNdRjj_fQ,HAS_MENU,Node,b-CB99Ifh4OnBTnuNdRjj_fQ/Chicken_Madras
Node,b-CB99Ifh4OnBTnuNdRjj_fQ/Chicken_Madras,IS,Node,b-CB99Ifh4OnBTnuNdRjj_fQ/Great
Node,u-8okt1nl-g2RL3ylWoqj4tA,RECOMMEND,Node,Food
Node,b-CB99Ifh4OnBTnuNdRjj_fQ,HAS_ASPECT,Node,b-CB99Ifh4OnBTnuNdRjj_fQ/Food
Node,b-CB99Ifh4OnBTnuNdRjj_fQ/Food,IS,Node,b-CB99Ifh4OnBTnuNdRjj_fQ/Good
Node,u-CT9bcSQrpVLzml-CPKvzVQ,LIVED_OVER,Node,India
Node,b-CB99Ifh4OnBTnuNdRjj_fQ,HAS_MENU,Node,b-CB99Ifh4OnBTnuNdRjj_fQ/Chicken_Tikka_Masala
Node,b-CB99Ifh4OnBTnuNdRjj_fQ/Chicken_Tikka_Masala,COMES_IN,Node,Cream_Sauce
Node,b-CB99Ifh4OnBTnuNdRjj_fQ/Chicken_Tikka_Masala,IS,Node,b-CB99Ifh4OnBTnuNdRjj_fQ/Tender
Node,b-CB99Ifh4OnBTnuNdRjj_fQ,HAS_MENU,Node,b-CB99Ifh4OnBTnuNdRjj_fQ/Naan
Node,b-CB99Ifh4OnBTnuNdRjj_fQ/Naan,IS,Node,b-CB99Ifh4OnBTnuNdRjj_fQ/Perfect
Node,b-CB99Ifh4OnBTnuNdRjj_fQ,HAS_MENU,Node,b-CB99Ifh4OnBTnuNdRjj_fQ/Soma_Grill
Node,b-CB99Ifh4OnBTnuNdRjj_fQ/Soma_Grill,IS,Node,b-CB99Ifh4OnBTnuNdRjj_fQ/Worth
Node,u-xuZRkrpwxcnA4WnFIhmUGQ,DISCOVERED,Node,b-Eu-M3y8a5bIxIRXlCj9yHA
Node,u-xuZRkrpwxcnA4WnFIhmUGQ,TRY,Node,b-Eu-M3y8a5bIxIRXlCj9yHA
Node,b-Eu-M3y8a5bIxIRXlCj9yHA,HAS_ASPECT,Node,b-Eu-M3y8a5bIxIRXlCj9yHA/Food
Node,b-Eu-M3y8a5bIxIRXlCj9yHA/Food,IS,Node,b-Eu-M3y8a5bIxIRXlCj9yHA/Delicious
Node,u-_m92RQLYvNeaCm1Uk81eeA,FOUND,Node,b-Eu-M3y8a5bIxIRXlCj9yHA
Node,b-Eu-M3y8a5bIxIRXlCj9yHA,HAS_MENU,Node,b-Eu-M3y8a5bIxIRXlCj9yHA/Chicken_Dish
Node,b-Eu-M3y8a5bIxIRXlCj9yHA/Chicken_Dish,LOVED,Node,Taste
Node,b-Eu-M3y8a5bIxIRXlCj9yHA,IS,Node,b-Eu-M3y8a5bIxIRXlCj9yHA/Amazing
Node,b-Eu-M3y8a5bIxIRXlCj9yHA,HAS_ASPECT,Node,b-Eu-M3y8a5bIxIRXlCj9yHA/Staff
Node,b-Eu-M3y8a5bIxIRXlCj9yHA/Staff,IS,Node,b-Eu-M3y8a5bIxIRXlCj9yHA/Friendly
Node,b-Eu-M3y8a5bIxIRXlCj9yHA,HAS_MENU,Node,b-Eu-M3y8a5bIxIRXlCj9yHA/Chicken
Node,b-Eu-M3y8a5bIxIRXlCj9yHA/Chicken,IS,Node,b-Eu-M3y8a5bIxIRXlCj9yHA/Delicious
Node,b-Eu-M3y8a5bIxIRXlCj9yHA,HAS_MENU,Node,b-Eu-M3y8a5bIxIRXlCj9yHA/Rice
Node,u-pMefTWo6gMdx8WhYSA2u3w,LOVE,Node,b-Eu-M3y8a5bIxIRXlCj9yHA/Rice
Node,b-Eu-M3y8a5bIxIRXlCj9yHA,HAS_MENU,Node,b-Eu-M3y8a5bIxIRXlCj9yHA/Salad
Node,u-pMefTWo6gMdx8WhYSA2u3w,EXPECT,Node,b-Eu-M3y8a5bIxIRXlCj9yHA/Salad
Node,b-Eu-M3y8a5bIxIRXlCj9yHA,HAS_MENU,Node,b-Eu-M3y8a5bIxIRXlCj9yHA/Naan
Node,b-Eu-M3y8a5bIxIRXlCj9yHA/Naan,IS,Node,b-Eu-M3y8a5bIxIRXlCj9yHA/Bad
Node,b-Eu-M3y8a5bIxIRXlCj9yHA/Rice,IS,Node,b-Eu-M3y8a5bIxIRXlCj9yHA/Delicious
Node,b-Eu-M3y8a5bIxIRXlCj9yHA/Rice,IS,Node,b-Eu-M3y8a5bIxIRXlCj9yHA/Good
Node,u-VUop7P6gVM95Ke2cHjX0Fg,GIVE,Node,b-Eu-M3y8a5bIxIRXlCj9yHA
Node,b-Eu-M3y8a5bIxIRXlCj9yHA,IS,Node,b-Eu-M3y8a5bIxIRXlCj9yHA/Friendly
Node,u-9fgBA8JsS1RZTCShEGj-xg,COMMENT_ON,Node,Food
Node,b-Dh2Z3WNu6M71LbMNHEeg3w,HAS_MENU,Node,b-Dh2Z3WNu6M71LbMNHEeg3w/Scheshwan_Chicken
Node,u-SUyFqtj7G2hXLVKlRjvgCw,ORDER,Node,b-Dh2Z3WNu6M71LbMNHEeg3w/Scheshwan_Chicken
Node,b-Dh2Z3WNu6M71LbMNHEeg3w,HAS_MENU,Node,b-Dh2Z3WNu6M71LbMNHEeg3w/Chilli_Chicken
Node,b-Dh2Z3WNu6M71LbMNHEeg3w/Chilli_Chicken,IS,Node,b-Dh2Z3WNu6M71LbMNHEeg3w/Bad
Node,b-TTCZkfxt0GW8YUzdVe0PrA,HAS_ASPECT,Node,b-TTCZkfxt0GW8YUzdVe0PrA/Food
Node,b-TTCZkfxt0GW8YUzdVe0PrA/Food,IS,Node,b-TTCZkfxt0GW8YUzdVe0PrA/Bad
Node,b-TTCZkfxt0GW8YUzdVe0PrA,HAS_ASPECT,Node,b-TTCZkfxt0GW8YUzdVe0PrA/Food
Node,b-TTCZkfxt0GW8YUzdVe0PrA/Food,IS,Node,b-TTCZkfxt0GW8YUzdVe0PrA/Tasty
Node,u-j6YHy5kkqMy2yG-z6E6CqQ,CAME_FOR,Node,Buffet
Node,b-TTCZkfxt0GW8YUzdVe0PrA,HAS_ASPECT,Node,b-TTCZkfxt0GW8YUzdVe0PrA/Food
Node,b-TTCZkfxt0GW8YUzdVe0PrA/Food,IS,Node,b-TTCZkfxt0GW8YUzdVe0PrA/Great
Node,b-TTCZkfxt0GW8YUzdVe0PrA,HAS_MENU,Node,b-TTCZkfxt0GW8YUzdVe0PrA/Biryani
Node,u-Ev5Ggic5S85xKgD4rglyWw,LOVE,Node,b-TTCZkfxt0GW8YUzdVe0PrA/Biryani
Node,b-TTCZkfxt0GW8YUzdVe0PrA,HAS_ASPECT,Node,b-TTCZkfxt0GW8YUzdVe0PrA/Decor
Node,b-TTCZkfxt0GW8YUzdVe0PrA/Decor,IS,Node,b-TTCZkfxt0GW8YUzdVe0PrA/Tacky
Node,b-TTCZkfxt0GW8YUzdVe0PrA,HAS_ASPECT,Node,b-TTCZkfxt0GW8YUzdVe0PrA/Food
Node,b-TTCZkfxt0GW8YUzdVe0PrA/Food,IS,Node,b-TTCZkfxt0GW8YUzdVe0PrA/Phenomenal
Node,b-or1daHtUK9b7sqFRPf62GQ,HAS_MENU,Node,b-or1daHtUK9b7sqFRPf62GQ/Chicken
Node,u-xYH2WNVI7qc8RwBKJYh2Pg,ORDER,Node,b-or1daHtUK9b7sqFRPf62GQ/Chicken
Node,b-or1daHtUK9b7sqFRPf62GQ,HAS_MENU,Node,b-or1daHtUK9b7sqFRPf62GQ/Supreme_Dosa
Node,b-or1daHtUK9b7sqFRPf62GQ/Supreme_Dosa,IS,Node,b-or1daHtUK9b7sqFRPf62GQ/Delicious
Node,b-or1daHtUK9b7sqFRPf62GQ,HAS_MENU,Node,b-or1daHtUK9b7sqFRPf62GQ/Mango_Lassie
Node,b-or1daHtUK9b7sqFRPf62GQ/Mango_Lassie,IS,Node,b-or1daHtUK9b7sqFRPf62GQ/Refresh
Node,b-or1daHtUK9b7sqFRPf62GQ,HAS_MENU,Node,b-or1daHtUK9b7sqFRPf62GQ/Mutton_Koththu
Node,b-or1daHtUK9b7sqFRPf62GQ/Mutton_Koththu,IS,Node,b-or1daHtUK9b7sqFRPf62GQ/Unsatisfactory
Node,b-or1daHtUK9b7sqFRPf62GQ,HAS_MENU,Node,b-or1daHtUK9b7sqFRPf62GQ/Coconut_Rice
Node,b-or1daHtUK9b7sqFRPf62GQ/Coconut_Rice,IS,Node,b-or1daHtUK9b7sqFRPf62GQ/Fantastic
Node,b-or1daHtUK9b7sqFRPf62GQ,HAS_MENU,Node,b-or1daHtUK9b7sqFRPf62GQ/Ginger_Tea
Node,b-or1daHtUK9b7sqFRPf62GQ/Ginger_Tea,IS,Node,b-or1daHtUK9b7sqFRPf62GQ/Delicious
Node,b-or1daHtUK9b7sqFRPf62GQ,HAS_MENU,Node,b-or1daHtUK9b7sqFRPf62GQ/Samosa
Node,b-or1daHtUK9b7sqFRPf62GQ/Samosa,IS,Node,b-or1daHtUK9b7sqFRPf62GQ/Tasty
Node,b-vZu3xxlMQSqFngDgdFLfXg,HAS_MENU,Node,b-vZu3xxlMQSqFngDgdFLfXg/Tamarind
Node,u-il4pARn-6muHdOneCf-4BA,CHECK,Node,b-vZu3xxlMQSqFngDgdFLfXg/Tamarind
Node,b-vZu3xxlMQSqFngDgdFLfXg,HAS_MENU,Node,b-vZu3xxlMQSqFngDgdFLfXg/Chicken
Node,b-vZu3xxlMQSqFngDgdFLfXg/Chicken,IS,Node,b-vZu3xxlMQSqFngDgdFLfXg/Dry
Node,b-vZu3xxlMQSqFngDgdFLfXg,HAS_MENU,Node,b-vZu3xxlMQSqFngDgdFLfXg/Butter_Chicken
Node,b-vZu3xxlMQSqFngDgdFLfXg/Butter_Chicken,IS,Node,b-vZu3xxlMQSqFngDgdFLfXg/Good
Node,b-vZu3xxlMQSqFngDgdFLfXg,HAS_MENU,Node,b-vZu3xxlMQSqFngDgdFLfXg/Naan
Node,b-vZu3xxlMQSqFngDgdFLfXg/Naan,IS,Node,b-vZu3xxlMQSqFngDgdFLfXg/Fresh
Node,b-vZu3xxlMQSqFngDgdFLfXg,HAS_MENU,Node,b-vZu3xxlMQSqFngDgdFLfXg/Tamarind
Node,u-_LpeXjhiuMUvRo5QZtc90A,OBSESSED_WITH,Node,b-vZu3xxlMQSqFngDgdFLfXg/Tamarind
Node,b-vZu3xxlMQSqFngDgdFLfXg,HAS_ASPECT,Node,b-vZu3xxlMQSqFngDgdFLfXg/Food
Node,b-vZu3xxlMQSqFngDgdFLfXg/Food,IS,Node,b-vZu3xxlMQSqFngDgdFLfXg/Delicious
Node,b-vZu3xxlMQSqFngDgdFLfXg,HAS_MENU,Node,b-vZu3xxlMQSqFngDgdFLfXg/Naan
Node,b-vZu3xxlMQSqFngDgdFLfXg/Naan,IS,Node,b-vZu3xxlMQSqFngDgdFLfXg/Fresh
Node,b-vZu3xxlMQSqFngDgdFLfXg,HAS_ASPECT,Node,b-vZu3xxlMQSqFngDgdFLfXg/Price
Node,b-vZu3xxlMQSqFngDgdFLfXg/Price,IS,Node,b-vZu3xxlMQSqFngDgdFLfXg/Affordable
Node,b-vZu3xxlMQSqFngDgdFLfXg,HAS_MENU,Node,b-vZu3xxlMQSqFngDgdFLfXg/Butter_Chicken
Node,b-vZu3xxlMQSqFngDgdFLfXg/Butter_Chicken,IS,Node,b-vZu3xxlMQSqFngDgdFLfXg/Tasty
Node,b-vZu3xxlMQSqFngDgdFLfXg,HAS_ASPECT,Node,b-vZu3xxlMQSqFngDgdFLfXg/Staff
Node,b-vZu3xxlMQSqFngDgdFLfXg/Staff,IS,Node,b-vZu3xxlMQSqFngDgdFLfXg/Friendly
Node,b-vZu3xxlMQSqFngDgdFLfXg,HAS_MENU,Node,b-vZu3xxlMQSqFngDgdFLfXg/Aloo_Jalfrezi
Node,u-tRmW0n2d_Q4c_TXqfUSINA,ORDER,Node,b-vZu3xxlMQSqFngDgdFLfXg/Aloo_Jalfrezi
Node,b-vZu3xxlMQSqFngDgdFLfXg,HAS_MENU,Node,b-vZu3xxlMQSqFngDgdFLfXg/Tamarind
Node,u-tRmW0n2d_Q4c_TXqfUSINA,WENT_TO,Node,b-vZu3xxlMQSqFngDgdFLfXg/Tamarind
Node,b-vZu3xxlMQSqFngDgdFLfXg,HAS_ASPECT,Node,b-vZu3xxlMQSqFngDgdFLfXg/Food
Node,b-vZu3xxlMQSqFngDgdFLfXg/Food,IS,Node,b-vZu3xxlMQSqFngDgdFLfXg/Good
Node,b-vZu3xxlMQSqFngDgdFLfXg,HAS_MENU,Node,b-vZu3xxlMQSqFngDgdFLfXg/Fish
Node,b-vZu3xxlMQSqFngDgdFLfXg/Fish,MADE_WITH,Node,Salmon
Node,b-vZu3xxlMQSqFngDgdFLfXg,HAS_MENU,Node,b-vZu3xxlMQSqFngDgdFLfXg/Rice
Node,b-vZu3xxlMQSqFngDgdFLfXg/Rice,IS,Node,b-vZu3xxlMQSqFngDgdFLfXg/Fresh
Node,b-vZu3xxlMQSqFngDgdFLfXg,HAS_MENU,Node,b-vZu3xxlMQSqFngDgdFLfXg/Paneer
Node,b-vZu3xxlMQSqFngDgdFLfXg/Paneer,IS,Node,b-vZu3xxlMQSqFngDgdFLfXg/Delicious
Node,b-5eDg_Y2N6aU_k7tIxoFXTg,HAS_ASPECT,Node,b-5eDg_Y2N6aU_k7tIxoFXTg/Food
Node,b-5eDg_Y2N6aU_k7tIxoFXTg/Food,IS,Node,b-5eDg_Y2N6aU_k7tIxoFXTg/Good
Node,b-5eDg_Y2N6aU_k7tIxoFXTg,HAS_ASPECT,Node,b-5eDg_Y2N6aU_k7tIxoFXTg/Food
Node,b-5eDg_Y2N6aU_k7tIxoFXTg/Food,IS,Node,b-5eDg_Y2N6aU_k7tIxoFXTg/Tasty
Node,b-5eDg_Y2N6aU_k7tIxoFXTg,HAS_MENU,Node,b-5eDg_Y2N6aU_k7tIxoFXTg/Chicken_Masala
Node,u-UHHraFRu5NKvZqIHp2O02w,ENJOYED,Node,b-5eDg_Y2N6aU_k7tIxoFXTg/Chicken_Masala
Node,b-5eDg_Y2N6aU_k7tIxoFXTg,HAS_MENU,Node,b-5eDg_Y2N6aU_k7tIxoFXTg/Lamb
Node,b-5eDg_Y2N6aU_k7tIxoFXTg/Lamb,IS,Node,b-5eDg_Y2N6aU_k7tIxoFXTg/Great
Node,b-5eDg_Y2N6aU_k7tIxoFXTg,HAS_ASPECT,Node,b-5eDg_Y2N6aU_k7tIxoFXTg/Staff
Node,b-5eDg_Y2N6aU_k7tIxoFXTg/Staff,IS,Node,b-5eDg_Y2N6aU_k7tIxoFXTg/Friendly
Node,b-5eDg_Y2N6aU_k7tIxoFXTg,HAS_ASPECT,Node,b-5eDg_Y2N6aU_k7tIxoFXTg/Staff
Node,b-5eDg_Y2N6aU_k7tIxoFXTg/Staff,IS,Node,b-5eDg_Y2N6aU_k7tIxoFXTg/Friendly
Node,b-5eDg_Y2N6aU_k7tIxoFXTg,HAS_ASPECT,Node,b-5eDg_Y2N6aU_k7tIxoFXTg/Food
Node,b-5eDg_Y2N6aU_k7tIxoFXTg/Food,IS,Node,b-5eDg_Y2N6aU_k7tIxoFXTg/Delicious
Node,b-5eDg_Y2N6aU_k7tIxoFXTg,HAS_ASPECT,Node,b-5eDg_Y2N6aU_k7tIxoFXTg/Price
Node,b-5eDg_Y2N6aU_k7tIxoFXTg/Price,IS,Node,b-5eDg_Y2N6aU_k7tIxoFXTg/Amazing
Node,b-3wJ4kJsJhayyfJ30HsS04g,HAS_MENU,Node,b-3wJ4kJsJhayyfJ30HsS04g/Cauliflower_Dish
Node,u-bpgbVPJcG-wQ4cNBcPPIxw,ORDER,Node,b-3wJ4kJsJhayyfJ30HsS04g/Cauliflower_Dish
Node,b-3wJ4kJsJhayyfJ30HsS04g,HAS_MENU,Node,b-3wJ4kJsJhayyfJ30HsS04g/Butter_Chicken
Node,u-bpgbVPJcG-wQ4cNBcPPIxw,SPOT,Node,b-3wJ4kJsJhayyfJ30HsS04g/Butter_Chicken
Node,u-bpgbVPJcG-wQ4cNBcPPIxw,HAS,Node,Date
Node,b-3wJ4kJsJhayyfJ30HsS04g/Cauliflower_Dish,IS,Node,b-3wJ4kJsJhayyfJ30HsS04g/Good
Node,b-3wJ4kJsJhayyfJ30HsS04g,HAS_MENU,Node,b-3wJ4kJsJhayyfJ30HsS04g/Goat_Biryani
Node,b-3wJ4kJsJhayyfJ30HsS04g/Goat_Biryani,BE,Node,Spicy
Node,b-3wJ4kJsJhayyfJ30HsS04g,HAS_MENU,Node,b-3wJ4kJsJhayyfJ30HsS04g/Tikka_Masala
Node,u-fH1TpgVyMuQcColrknmbZA,ORDER,Node,b-3wJ4kJsJhayyfJ30HsS04g/Tikka_Masala
Node,b-3wJ4kJsJhayyfJ30HsS04g,HAS_ASPECT,Node,b-3wJ4kJsJhayyfJ30HsS04g/Decor
Node,b-3wJ4kJsJhayyfJ30HsS04g/Decor,IS,Node,b-3wJ4kJsJhayyfJ30HsS04g/Sketchy
Node,b-3wJ4kJsJhayyfJ30HsS04g,HAS_ASPECT,Node,b-3wJ4kJsJhayyfJ30HsS04g/Service
Node,b-3wJ4kJsJhayyfJ30HsS04g/Service,IS,Node,b-3wJ4kJsJhayyfJ30HsS04g/Poor
Node,b-3wJ4kJsJhayyfJ30HsS04g,HAS_ASPECT,Node,b-3wJ4kJsJhayyfJ30HsS04g/Food
Node,b-3wJ4kJsJhayyfJ30HsS04g/Food,IS,Node,b-3wJ4kJsJhayyfJ30HsS04g/Awesome
Node,b-3wJ4kJsJhayyfJ30HsS04g,HAS_MENU,Node,b-3wJ4kJsJhayyfJ30HsS04g/Pakora
Node,b-3wJ4kJsJhayyfJ30HsS04g/Pakora,IS,Node,b-3wJ4kJsJhayyfJ30HsS04g/Delicious
Node,b-3wJ4kJsJhayyfJ30HsS04g,HAS_MENU,Node,b-3wJ4kJsJhayyfJ30HsS04g/Chutneys
Node,b-3wJ4kJsJhayyfJ30HsS04g/Chutneys,IS,Node,b-3wJ4kJsJhayyfJ30HsS04g/Good
Node,b-3wJ4kJsJhayyfJ30HsS04g,HAS_MENU,Node,b-3wJ4kJsJhayyfJ30HsS04g/Papad
Node,b-3wJ4kJsJhayyfJ30HsS04g/Papad,IS,Node,b-3wJ4kJsJhayyfJ30HsS04g/Cold
Node,b-3wJ4kJsJhayyfJ30HsS04g,HAS_ASPECT,Node,b-3wJ4kJsJhayyfJ30HsS04g/Food
Node,b-3wJ4kJsJhayyfJ30HsS04g/Food,IS,Node,b-3wJ4kJsJhayyfJ30HsS04g/Expensive
Node,b-3wJ4kJsJhayyfJ30HsS04g,HAS_ASPECT,Node,b-3wJ4kJsJhayyfJ30HsS04g/Food
Node,b-3wJ4kJsJhayyfJ30HsS04g/Food,IS,Node,b-3wJ4kJsJhayyfJ30HsS04g/Good
Node,b-3wJ4kJsJhayyfJ30HsS04g,HAS_MENU,Node,b-3wJ4kJsJhayyfJ30HsS04g/Naan
Node,b-3wJ4kJsJhayyfJ30HsS04g/Naan,IS,Node,b-3wJ4kJsJhayyfJ30HsS04g/Fantastic
Node,b-3wJ4kJsJhayyfJ30HsS04g,IS,Node,b-3wJ4kJsJhayyfJ30HsS04g/Hot
Node,b-3wJ4kJsJhayyfJ30HsS04g,HAS_ASPECT,Node,b-3wJ4kJsJhayyfJ30HsS04g/Food
Node,b-3wJ4kJsJhayyfJ30HsS04g/Food,IS,Node,b-3wJ4kJsJhayyfJ30HsS04g/Lovely
Node,b-3wJ4kJsJhayyfJ30HsS04g,HAS_ASPECT,Node,b-3wJ4kJsJhayyfJ30HsS04g/Service
Node,b-3wJ4kJsJhayyfJ30HsS04g/Service,IS,Node,b-3wJ4kJsJhayyfJ30HsS04g/Excellent
